season,area,mean,std
Dry,Coast,1.1157657608048528,0.11503287148684035
Dry,Plume,1.0596869762001135,0.03557368133420036
Dry,River,1.0002210781963277,0.03774663227796748
Rainy,Coast,1.090126663308005,0.12965775394316248
Rainy,Plume,1.0255437316896632,0.049222002713097415
Rainy,River,0.9452168527096085,0.02508409583766672
